,Unnamed: 0,iteration,USS1,USS2,USS3,USS4,U1,U2,U3,U4,ESS,E,KF_X1,KF_X2,Z1,Z2,Z3,Z4,Z5,Z6,Z7,Z8,Z9,Z10,Z11,Z12,Z13,Z14,Z15,Z16,Z17,Z18,Z19,Z20,Z21,Z22,Z23,Z24,Z25,Z26,Z27,Z28,Z29,Z30
8580,0,143,0.4078,0.1089,0.3888,0.2126,0.4078007985453967,0.1088319544088504,0.3887898497280089,0.2126167614749713,13.057264952551748,13.369842662188208,-0.008570523968112,-0.0070135189425115,4.729288868652672e-16,2.661606639634761e-13,4.170715959525662e-17,3.980208367855422e-15,2.79839774421686e-13,2.542652211430822e-38,2.051155171599528e-17,2.4570678837161804e-12,1.8748546179032868e-06,1.1524915814726488e-14,2.223486558881601e-14,5.2640089213021765e-14,5.929286522300326e-15,3.37541222102973e-13,6.72937102816633e-06,0.0037872371738281,5.93456985272687e-07,5.6634939460448e-05,0.0039818791425578,3.617975260449721e-28,2.918617274052819e-07,0.0349619612802973,0.0002667756759661,0.0001639896329863,0.0003163830006247,0.0007490231641763,8.436864410067667e-05,0.0048029210816185,0.0007438452495802,0.0010584277702179
8581,1,143,0.4078,0.1089,0.3888,0.2126,0.4077940855339727,0.1094380611775969,0.3888802671279923,0.2124672110609566,13.057264952551748,13.340994979818682,-0.0098043673019171,-0.0108243854269493,4.64456257908573e-16,2.605395157190472e-13,3.9296192720129547e-17,3.901467918433487e-15,2.739395500430078e-13,2.1083971888096e-38,1.969310518957049e-17,2.4011509324698697e-12,1.8351358345437937e-06,1.1280550695701183e-14,2.176366204237337e-14,5.1521528737379016e-14,5.774278684335932e-15,3.2871696730178214e-13,6.766879881613732e-06,0.0037959217413142,5.725245626773424e-07,5.684230606535588e-05,0.003991153092245,3.0718222171559395e-28,2.869180359715157e-07,0.0349834880270831,0.0002673695002995,0.0001643516052512,0.0003170849446359,0.0007506411860028,8.412815974492783e-05,0.0047892308369271,0.0007337167300171,0.0010689861304729
8582,2,143,0.4078,0.1089,0.3888,0.2126,0.4077915618466525,0.1095967061817818,0.3889039233156773,0.2124285460648982,13.057264952551748,13.303717273367496,-0.008045081026763,-0.0123123131587125,4.631632601642622e-16,2.5896711248046473e-13,3.80184372095614e-17,3.588868449142149e-15,2.7189395879884197e-13,1.7769456866065475e-38,4.278560100769798e-17,2.387348789224965e-12,1.825953112169292e-06,1.121095875260104e-14,2.1903211480022883e-14,5.149813028823586e-14,5.717911050926272e-15,3.255080820848861e-13,6.7967663242638365e-06,0.0038002559800939,5.579078824936222e-07,5.266544718743755e-05,0.0039899531372141,2.607608513354439e-28,6.278644208294418e-07,0.0350335470242644,0.0002679525275401,0.0001645170795398,0.0003214223212088,0.0007557178813826,8.39084370860693e-05,0.0047767225099107,0.0007306275688496,0.0010721715823864
8583,3,143,0.4078,0.1089,0.3888,0.2126,0.4077910282248752,0.1095711054149941,0.3889000935447834,0.2124353733554433,13.057264952551748,13.26790294695783,-0.0056241576947174,-0.0125443614223392,4.0094509557935693e-16,2.589720823810865e-13,9.243761250509012e-17,3.358712749354421e-15,2.7159713178421825e-13,1.507613134767802e-38,5.987432857475743e-17,2.389142205217433e-12,1.8289495566200465e-06,1.1218573436410036e-14,2.2158926498802753e-14,5.17915702292312e-14,5.702163216238092e-15,3.246115925416453e-13,5.886493675328616e-06,0.0038021104181862,1.35712701657425e-06,4.931109414806946e-05,0.0039874656558026,2.213409087802776e-28,8.790476809812938e-07,0.0350763000608633,0.0002685180618553,0.0001647059966757,0.0003253272882632,0.0007603802963325,8.371656887229214e-05,0.0047657998751017,0.0007304162520107,0.0010723639458928
8584,4,143,0.4078,0.1089,0.3888,0.2126,0.4077913776956531,0.1094832608022642,0.3888869809423062,0.2124574376270904,13.057264952551748,13.2386540231283,-0.0034935527047417,-0.012166207578849,3.418961563494411e-16,2.590699654337392e-13,1.8822742528311254e-16,3.1646343870508213e-15,2.714887369189289e-13,1.2798959621274599e-38,7.391661628198367e-17,2.3918937202531388e-12,1.832400278011653e-06,1.1230711187002808e-14,2.2386148406720687e-14,5.2065694094303485e-14,5.691888640402351e-15,3.2402668356969064e-13,5.018681175848057e-06,0.0038028785483655,2.7629834922192107e-06,4.645355243625679e-05,0.0039851732408398,1.8787546022037994e-28,1.0850193072589713e-06,0.035110520447602,0.0002689773666971,0.0001648551988048,0.0003286054537966,0.0007642704195582,8.355102519905056e-05,0.004756375838404,0.0007304615015323,0.0010722417667882
8585,5,143,0.4078,0.1089,0.3888,0.2126,0.4077920329184104,0.1093890721470812,0.388872925040618,0.2124809200889982,13.057264952551748,13.21405008099797,-0.0018559848555536,-0.0114812100562541,2.911436279704633e-16,2.5910574810135585e-13,2.848756258192878e-16,2.996863696576292e-15,2.71364018793768e-13,1.0864336043741095e-38,8.614765188536813e-17,2.393949341314149e-12,1.835104245037785e-06,1.1239628262348564e-14,2.2576200902388588e-14,5.2291892932519466e-14,5.6825363587873655e-15,3.2349427877631463e-13,4.273502417967313e-06,0.003803239826127,4.181498610308536e-06,4.398895604521533e-05,0.0039831707757043,1.594703159955375e-28,1.2645037131696257e-06,0.0351391798265121,0.0002693626675967,0.0001649789792448,0.0003313809401133,0.0007675576911814,8.3410147214105e-05,0.0047483559650133,0.0007304458262086,0.0010721725308766
8586,6,143,0.4078,0.1089,0.3888,0.2126,0.4077927719340697,0.1093052503123712,0.3888604182383285,0.2125017205534041,13.057264952551748,13.192891364131349,-0.0006739398408498,-0.0106429362520857,2.480729586985698e-16,2.5911830613848015e-13,3.6639419629911173e-16,2.8525936547444203e-15,2.7124364774529175e-13,9.22172525771542e-39,9.681783952965608e-17,2.395590428499722e-12,1.8373358641877883e-06,1.1246808213197356e-14,2.2736588917647732e-14,5.2481927425818156e-14,5.6743401485032656e-15,3.2302768657748906e-13,3.641346327963035e-06,0.0038034757900067,5.378128145364962e-06,4.187188109646283e-05,0.0039814579786616,1.3536136941659983e-28,1.421143547052233e-06,0.0351637456008265,0.0002696938931753,0.0001650866100169,0.0003337396989983,0.0007703575380363,8.329097121976929e-05,0.0047415715381481,0.0007304090127715,0.0010721330492932
8587,7,143,0.4078,0.1089,0.3888,0.2126,0.4077935106293226,0.1092347805538384,0.3888499051984927,0.2125191343364811,13.057264952551748,13.1745301607985,0.0001440190410259,-0.0097386124355444,2.1172180473823499e-16,2.591255983627323e-13,4.2944059686864437e-16,2.729052622109329e-15,2.711367581738889e-13,7.827442574213892e-39,1.0609681187324504e-16,2.3969678984469495e-12,1.8392412978975043e-06,1.1252975057200014e-14,2.2872697979269463e-14,5.2643383843211535e-14,5.6673220144919606e-15,3.2262815966582165e-13,3.1078550232320167e-06,0.0038036932167672,6.303739559623774e-06,4.00596429394106e-05,0.0039800045012628,1.148986839282242e-28,1.5573904168242491e-06,0.0351849859440289,0.0002699814180069,0.0001651819239932,0.0003357473236998,0.0007727499069793,8.319036961165516e-05,0.0047358445101792,0.0007303703547096,0.0010721074187499
8588,8,143,0.4078,0.1089,0.3888,0.2126,0.407794215363961,0.1091766190256204,0.3888412296101766,0.2125334472384023,13.057264952551748,13.158565050005276,0.000686454163047,-0.0088222071157943,1.8115718551693486e-16,2.5913336864918333e-13,4.759515032289157e-16,2.6234480537069367e-15,2.7104502277563585e-13,6.644040677554881e-39,1.1415637350803844e-16,2.3981514580107558e-12,1.840891027331655e-06,1.1258411267788504e-14,2.2988491727414837e-14,5.2781219808413686e-14,5.661374181225866e-15,3.222895626187117e-13,2.6592762568810413e-06,0.0038039187496096,6.986675843698052e-06,3.8510606689302205e-05,0.0039787745186935,9.753043785239122e-29,1.6757454736080123e-06,0.035203390991612,0.0002702315001482,0.0001652665649954,0.0003374569441326,0.0007747959002852,8.31054970217889e-05,0.0047310129005752,0.0007303361342119,0.0010720886039988
8589,9,143,0.4078,0.1089,0.3888,0.2126,0.4077948717722948,0.1091288702853688,0.3888341082526179,0.2125451490320199,13.057264952551748,13.144692559397882,0.001025979131676,-0.0079281626674154,1.5553413853208036e-16,2.5914266899178617e-13,5.091317751529336e-16,2.533217282138522e-15,2.709672778193569e-13,5.63962669490648e-39,1.2115664694069756e-16,2.399176568243912e-12,1.8423245856037493e-06,1.1263231411212744e-14,2.308709034159037e-14,5.28990686026028e-14,5.656352410463604e-15,3.2200368418157383e-13,2.283203819942208e-06,0.0038041521741365,7.473932245784244e-06,3.718702154144173e-05,0.0039777345912845,8.278836624813651e-29,1.778550493589943e-06,0.0352193361626107,0.0002704488267318,0.0001653415334172,0.0003389129442619,0.0007765456289781,8.303389555285663e-05,0.0047269367866553,0.0007303074508686,0.0010720738071042
8590,10,143,0.4078,0.1089,0.3888,0.2126,0.4077954739302972,0.1090896959987421,0.388828266543275,0.2125547097297662,13.057264952551748,13.132655254429094,0.0012189060186362,-0.0070781136409428,1.3410627716507195e-16,2.591531940446666e-13,5.320145045022606e-16,2.4561211034578672e-15,2.7090166931471136e-13,4.7871123387196094e-39,1.2723815065825082e-16,2.4000660033458014e-12,1.8435700703699631e-06,1.1267499484736253e-14,2.3171066966875407e-14,5.29998503457435e-14,5.6521173835852605e-15,3.217625935176876e-13,1.968689563389999e-06,0.0038043870817987,7.810010274884364e-06,3.605603022480143e-05,0.0039768555235362,7.027514520004405e-29,1.86786498410966e-06,0.0352331374199436,0.000270637380564,0.0001654076834434,0.0003401528897424,0.0007780415238017,8.297347998425828e-05,0.004723497461404,0.0007302838394161,0.0010720618030438
8591,11,143,0.4078,0.1089,0.3888,0.2126,0.4077960202738617,0.1090575234301732,0.3888234696166807,0.2125625292482925,13.057264952551748,13.122225672635413,0.0013078882240341,-0.0062848518227355,1.162238082885755e-16,2.591643897380954e-13,5.471077527880362e-16,2.3902384898299037e-15,2.70846366688114e-13,4.0635092338375234e-39,1.325219809836976e-16,2.4008373598613534e-12,1.844650696751912e-06,1.127126627810694e-14,2.3242589102384823e-14,5.3086016978690736e-14,5.648546470532271e-15,3.215593093027322e-13,1.706203150812723e-06,0.0038046171852472,8.031719020282477e-06,3.508947523398704e-05,0.0039761123906904,5.965363173193914e-29,1.945465604989599e-06,0.035245070079045,0.0002708006971456,0.0001654658397495,0.0003412087363466,0.0007793199239199,8.292249176351931e-05,0.004720594814302,0.0007302644997551,0.0010720519390616
8592,12,143,0.4078,0.1089,0.3888,0.2126,0.4077965117645106,0.1090310571188173,0.3888195240438703,0.2125689355928345,13.057264952551748,13.113201265055272,0.0013248077708237,-0.0055549867321858,1.0132656131831732e-16,2.591757665514727e-13,5.563914079684562e-16,2.33393077532796e-15,2.707997554058851e-13,3.449311999635252e-39,1.3711235102443555e-16,2.401505596153119e-12,1.845586834053388e-06,1.1274579250138681e-14,2.3303498121980032e-14,5.3159662342035184e-14,5.645535096377226e-15,3.2138787840481893e-13,1.4875276766849856e-06,0.0038048377528594,8.16812104994614e-06,3.426334199638507e-05,0.0039754840760885,5.063773010968171e-29,2.012882054918055e-06,0.0352553762164023,0.0002709419385856,0.0001655168048669,0.0003421077155783,0.0007804120458463,8.287945032670749e-05,0.0047181445601057,0.0007302486665326,0.0010720437841733
8593,13,143,0.4078,0.1089,0.3888,0.2126,0.4077969508831625,0.1090092431972513,0.3888162724911611,0.2125741945368193,13.057264952551748,13.105402003519751,0.0012932516119094,-0.0048908383036411,8.893519104107486e-17,2.5918695741345113e-13,5.613982520613029e-16,2.285801776166805e-15,2.7076045857830063e-13,2.9279701473283767e-39,1.410992334252851e-16,2.402083805217769e-12,1.8463966122067296e-06,1.1277484021187216e-14,2.3355362734458302e-14,5.3222583225713465e-14,5.642994972049693e-15,3.2124327472324874e-13,1.3056307521169583e-06,0.0038050456538419,8.241718643533124e-06,3.3557167385222433e-05,0.0039749527384666,4.2984647819061306e-29,2.0714353463715987e-06,0.035264268828982,0.0002710639252319,0.0001655613461001,0.0003428730455965,0.0007813447135213,8.2843109496682e-05,0.0047160757567041,0.0007302356880664,0.0010720370187179
8594,14,143,0.4078,0.1089,0.3888,0.2126,0.4077973409994163,0.1089912275119359,0.3888135874583198,0.2125785206390855,13.057264952551748,13.098668564398686,0.0012304913752274,-0.0042918121140346,7.864186012577405e-17,2.5919770806339537e-13,5.633040809812133e-16,2.2446613533876798e-15,2.707273149993557e-13,2.485439547798325e-39,1.4456062448212555e-16,2.4025835395475213e-12,1.847096167811295e-06,1.128002401373218e-14,2.339952054993033e-14,5.327632306489838e-14,5.640851790659836e-15,3.211212681255919e-13,1.154528253057265e-06,0.0038052390496394,8.26977484402257e-06,3.295350525645167e-05,0.0039745033184769,3.648833044653004e-29,2.122270823417567e-06,0.0352719349758722,0.0002711691595851,0.0001656001828821,0.0003435245242124,0.0007821409628289,8.281242016923036e-05,0.0047143286808785,0.0007302250296362,0.0010720313920046
8595,15,143,0.4078,0.1089,0.3888,0.2126,0.4077976859496478,0.1089763181442676,0.3888113656765761,0.2125820870143862,13.057264952551748,13.0928605696933,0.0011490259514306,-0.003755401439002,7.010126064829685e-17,2.592078551061457e-13,5.630048090973346e-16,2.2094942864891536e-15,2.706993494216701e-13,2.1098020960907376e-39,1.4756435017823692e-16,2.403014995986461e-12,1.8476998093287212e-06,1.1282239904521192e-14,2.3437112361698517e-14,5.3322207339196495e-14,5.6390430714132566e-15,3.210183017226977e-13,1.0291529714837325e-06,0.0038054170759181,8.26544439976824e-06,3.243747101532204e-05,0.0039741231079101,3.097389513903365e-29,2.1663845709269677e-06,0.0352785385136942,0.000271259850621,0.0001656339788379,0.0003440790309186,0.0007828205601683,8.278649883895863e-05,0.0047128530366394,0.0007302162586608,0.0010720267017691
8596,16,143,0.4078,0.1089,0.3888,0.2126,0.4077979897497578,0.1089639541932726,0.3888095234434065,0.2125850334314337,13.057264952551748,13.087854794822873,0.0010577706696242,-0.0032779124718056,6.302222769792676e-17,2.5921730292913176e-13,5.611786885860661e-16,2.17943386512622e-15,2.706757426293328e-13,1.7909432831790148e-39,1.5016953173121922e-16,2.403387146041233e-12,1.848220161768633e-06,1.128416920162532e-14,2.3469110958205883e-14,5.3361373414158114e-14,5.6375162546715475e-15,3.2093138340849814e-13,9.252318407033152e-07,0.0038055795723507,8.238686729587616e-06,3.1996355577703725e-05,0.0039738013830144,2.6292909835452705e-29,2.204644890167879e-06,0.0352842226351127,0.0002713379397654,0.0001656633385171,0.0003445509548727,0.0007834004532985,8.276460118651449e-05,0.0047116064515166,0.000730209025011,0.0010720227846394
8597,17,143,0.4078,0.1089,0.3888,0.2126,0.4077982564019452,0.1089536803405164,0.3888079928219663,0.2125874728854826,13.057264952551748,13.083543432426517,0.0009629672276712,-0.0028549839569849,5.7160050712434e-17,2.592260057069123e-13,5.583359926277083e-16,2.153739659178419e-15,2.706558070011816e-13,1.5202788537977758e-39,1.524277784397551e-16,2.403707865898949e-12,1.848668322101202e-06,1.128584609806938e-14,2.3496345764449617e-14,5.339479660060513e-14,5.6362271230011095e-15,3.2085799598188997e-13,8.391732916914167e-07,0.0038057268632508,8.196995050973155e-06,3.1619300135539926e-05,0.0039735290932339,2.2319389051081347e-29,2.2378097812057475e-06,0.0352891121849935,0.0002714051267917,0.0001656888071581,0.0003449525599105,0.0007838951621639,8.274609991730633e-05,0.0047105532150108,0.000730203046211,0.0010720195070763
8598,18,143,0.4078,0.1089,0.3888,0.2126,0.4077984897679201,0.1089451263650476,0.3888067185805454,0.2125894968737781,13.057264952551748,13.079832421243491,0.0008688770462994,-0.0024819534677838,5.2309682019726075e-17,2.592339532952519e-13,5.548571366015188e-16,2.1317788323912093e-15,2.706389649471351e-13,1.2905230078914311e-39,1.543841718667227e-16,2.4039840495145968e-12,1.8490540078331405e-06,1.12873014556908e-14,2.3519523815932877e-14,5.3423312606458554e-14,5.635138457389789e-15,3.207960206464892e-13,7.679677104407515e-07,0.0038058596017766,8.145955937122536e-06,3.1297022766457795e-05,0.0039732985986825,1.8946396945555054e-29,2.2665413823786684e-06,0.0352933157908628,0.0002714628952134,0.0001657108726585,0.0003452942965466,0.0007843171184078,8.273046617844696e-05,0.0047096632206918,0.0007301980938356,0.0010720167598796
8599,19,143,0.4078,0.1089,0.3888,0.2126,0.4077986934900092,0.1089379906739983,0.3888056557322802,0.2125911796224695,13.057264952551748,13.076639890500656,0.0007783069884739,-0.0021541102958269,4.829964820313538e-17,2.5924116007175924e-13,5.510232431718247e-16,2.1130102896934798e-15,2.706247313044676e-13,1.095491805466608e-39,1.5607809555440524e-16,2.404221718239949e-12,1.8493857041481647e-06,1.1288562926372376e-14,2.3539247704690156e-14,5.34476370842984e-14,5.6342189219405226e-15,3.207436735186951e-13,7.090981592992739e-07,0.0038059786408456,8.089697999889218e-06,3.1021586341591775e-05,0.003973103448327,1.6083165233766305e-29,2.2914181444779235e-06,0.0352969277908864,0.0002715125363088,0.000165729968851,0.0003455850682076,0.0007846769590531,8.271725396082317e-05,0.0047089110782432,0.0007301939833101,0.0010720144530225
8600,20,143,0.4078,0.1089,0.3888,0.2126,0.4077988709461599,0.1089320270953821,0.38880476756243,0.2125925814648576,13.057264952551748,13.073894709605826,0.0006930067593561,-0.0018668644276051,4.498692092510103e-17,2.5924765647275094e-13,5.470386680029405e-16,2.0969712528538053e-15,2.706126974198646e-13,9.299363918177195e-40,1.5754395963088623e-16,2.404426112060184e-12,1.8496707950386864e-06,1.1289655092886884e-14,2.355603085781881e-14,5.3468382369485364e-14,5.633442103374803e-15,3.206994509487381e-13,6.604651522285098e-07,0.0038060849548301,8.0312226244373e-06,3.0786202061722605e-05,0.003972938194502,1.365264765746672e-29,2.3129454770539357e-06,0.0353000299968955,0.0002715551716134,0.0001657464795589,0.0003458324594455,0.0007849837813943,8.270608701072331e-05,0.0047082753683699,0.0007301905637168,0.0010720125136458
8601,21,143,0.4078,0.1089,0.3888,0.2126,0.4077990252291723,0.1089270342515281,0.3888040240413177,0.2125937515499001,13.057264952551748,13.07153519041324,0.000613967090849,-0.0016158549149936,4.2252314187108615e-17,2.5925348365912e-13,5.43049741057845e-16,2.083265880842944e-15,2.706025199691705e-13,7.894015162814694e-40,1.5881180292925724e-16,2.40460179170789e-12,1.8499156997810124e-06,1.129059974892666e-14,2.3570310721754046e-14,5.3486072318331504e-14,5.6327857527639625e-15,3.206620863541149e-13,6.203191280229368e-07,0.0038061795670685,7.972679090530453e-06,3.05850626056055e-05,0.0039727982350206,1.1589444736002397e-29,2.33156457837011e-06,0.0353026932458466,0.0002715917733458,0.0001657607429523,0.0003460429298475,0.0007852453618268,8.269664783380403e-05,0.0047077380168182,0.0007301877131671,0.0010720108809166
8602,22,143,0.4078,0.1089,0.3888,0.2126,0.4077991591421113,0.1089228470517344,0.3888034005539311,0.2125947300030483,13.057264952551748,13.069507927573598,0.0005416421626182,-0.0013970146623851,3.9996623394205015e-17,2.592586893744841e-13,5.391588486278469e-16,2.0715556482271137e-15,2.705939106632972e-13,6.701054790474625e-40,1.5990781513711122e-16,2.4047527216134925e-12,1.8501259892243964e-06,1.129141613924514e-14,2.3582459945948533e-14,5.350115490218808e-14,5.632231129723668e-15,3.2063051288602164e-13,5.872038015268008e-07,0.003806263505774,7.915571332627916e-06,3.0413201127611183e-05,0.0039726796796179,9.838042597806365e-30,2.347660101626508e-06,0.0353049787714818,0.0002716231826543,0.0001657730557961,0.0003462219796189,0.00078546834404,8.268866843720864e-05,0.0047072837673451,0.0007301853336116,0.0010720095031272
8603,23,143,0.4078,0.1089,0.3888,0.2126,0.4077992752044649,0.108919329881379,0.3888028768829838,0.2125955496500457,13.057264952551748,13.067766703892053,0.000476116249898,-0.0012066027092694,3.813746573327349e-17,2.5926332208976323e-13,5.354344445792694e-16,2.061550866489391e-15,2.705866245222268e-13,5.688382537659655e-40,1.6085485017714802e-16,2.4048823193798533e-12,1.8503064733837984e-06,1.1292121091628027e-14,2.3592795753313756e-14,5.351401258971861e-14,5.631762383192541e-15,3.206038281784472e-13,5.599098070273269e-07,0.0038063377796467,7.860905038548564e-06,3.0266367353980373e-05,0.0039725792421554,8.351318336760535e-30,2.361567723245935e-06,0.0353069395010329,0.0002716501268593,0.000165783678065,0.0003463742926669,0.0007856584040461,8.268192258107958e-05,0.0047068997406139,0.0007301833414586,0.0010720083412726
8604,24,143,0.4078,0.1089,0.3888,0.2126,0.407799375666465,0.1089163710276804,0.3888024363767435,0.2125962374219398,13.057264952551748,13.066271628858308,0.0004172239918566,-0.0010412168107046,3.660633643988288e-17,2.592674335374878e-13,5.31920819397107e-16,2.053003895541948e-15,2.7058045812941373e-13,4.828750503219393e-40,1.6167278428407487e-16,2.404993568529165e-12,1.8504613292361567e-06,1.1292729465382008e-14,2.36015884785778e-14,5.3524972622746094e-14,5.631366207394208e-15,3.2058127476284934e-13,5.374314836299648e-07,0.0038064033447273,7.809330923123879e-06,3.0140927412695125e-05,0.0039724941416243,7.089271419678953e-30,2.373579351844466e-06,0.03530862105739,0.0002716732331858,0.0001657928364609,0.0003465038554977,0.0007858203864551,8.267621920248078e-05,0.0047065750598323,0.0007301816732746,0.0010720073576111
8605,25,143,0.4078,0.1089,0.3888,0.2126,0.4077994625258195,0.1089138783461974,0.3888020653021611,0.2125968154438611,13.057264952551748,13.064988237722984,0.0003646411957935,-0.0008977887460848,3.5346474066793915e-17,2.5927107148975313e-13,5.286429443664467e-16,2.0457028283588238e-15,2.7057523684926813e-13,4.099029317435237e-40,1.6237893033128303e-16,2.405089021256871e-12,1.850594144647686e-06,1.1293254127791954e-14,2.3609068054086604e-14,5.353431391717462e-14,5.631031307879119e-15,3.205622096710921e-13,5.189355605299862e-07,0.0038064611072237,7.76121607311163e-06,3.0033772022241635e-05,0.003972422028137,6.017947002160609e-30,2.3839492751240364e-06,0.035310062808866,0.0002716930429755,0.0001658007288064,0.000346614062299,0.000785958428207,8.267139694313514e-05,0.004706300539229,0.0007301802719948,0.001072006526081
8606,26,143,0.4078,0.1089,0.3888,0.2126,0.4077995375488175,0.108911775577733,0.388801752295179,0.2125973019560889,13.057264952551748,13.06388682931961,0.0003179478782558,-0.0007735719608387,3.431074423572663e-17,2.592742834752823e-13,5.256128438174244e-16,2.0394664939529976e-15,2.705708155187388e-13,3.479585585948005e-40,1.6298833086297423e-16,2.405170899961597e-12,1.8507080279281551e-06,1.1293706383745384e-14,2.3615430385230028e-14,5.354227497359585e-14,5.6307481978546626e-15,3.205460928409666e-13,5.03730082747523e-07,0.0038065119011121,7.716737342981299e-06,2.9942242543663863e-05,0.0039723609127778,5.108522050977764e-30,2.392898411891527e-06,0.0353112986455722,0.0002717100222731,0.0001658075269986,0.0003467078015079,0.000786076058789,8.266731948887222e-05,0.0047060684187387,0.0007301790941904,0.0010720058212962
8607,27,143,0.4078,0.1089,0.3888,0.2126,0.4077996022904134,0.1089099995275571,0.3888014879397877,0.2125977120170196,13.057264952551748,13.062941809866455,0.0002766743006117,-0.000666122279332,3.346008260721292e-17,2.592771135947657e-13,5.228326986355423e-16,2.034139996929105e-15,2.7056707095468524e-13,2.953753322352918e-40,1.6351404527481494e-16,2.405241115456594e-12,1.850805653118047e-06,1.1294096044928791e-14,2.362084216137282e-14,5.3549059211634754e-14,5.6305088544250855e-15,3.205324675466888e-13,4.912415637789042e-07,0.0038065564938837,7.67592702885624e-06,2.9864065930944885e-05,0.0039723091124169,4.336529643764212e-30,2.400618559241069e-06,0.035312357733615,0.0002717245722198,0.0001658133803107,0.0003467875312007,0.0007861762893658,8.266387166427669e-05,0.0047058721416785,0.0007301781030511,0.0010720052230315
8608,28,143,0.4078,0.1089,0.3888,0.2126,0.4077996581150214,0.1089084977081132,0.3888012644163025,0.2125980580881245,13.057264952551748,13.062131117313688,0.0002403336531668,-0.0005732747848065,3.2762208673123956e-17,2.5927960184200824e-13,5.20297266590621e-16,2.029590812692584e-15,2.705638979041105e-13,2.507385388079919e-40,1.6396743061033648e-16,2.405301304500565e-12,1.8508893153968703e-06,1.1294431590617284e-14,2.3625445183028808e-14,5.355484001533042e-14,5.630306475545882e-15,3.2052094656284784e-13,4.809961067700013e-07,0.0038065955899117,7.638708430499082e-06,2.979729751987474e-05,0.0039722652041817,3.681200562121412e-30,2.4072765223960688e-06,0.0353132651896774,0.0002717370381376,0.0001658184183328,0.0003468553438238,0.000786261689591,8.266095615467758e-05,0.0047057061681386,0.0007301772660777,0.0010720047165912
8609,29,143,0.4078,0.1089,0.3888,0.2126,0.4077997062169048,0.1089072263921951,0.388801075210925,0.2125983505150397,13.057264952551748,13.061435783470005,0.000208442743619,-0.0004931205482768,3.219032223267972e-17,2.5928178676664885e-13,5.179971988869892e-16,2.025705735875785e-15,2.7056120951889025e-13,2.1284727767091073e-40,1.6435831569408598e-16,2.405352894234238e-12,1.8509610027525516e-06,1.1294720461942376e-14,2.3629360270687593e-14,5.355976565940424e-14,5.630135360763376e-15,3.205112053751701e-13,4.726002628110136e-07,0.0038066298212954,7.604944447584076e-06,2.974027585784057e-05,0.0039722279820884,3.1249043932763167e-30,2.41301663993111e-06,0.035314042579365,0.0002717477166058,0.0001658227531898,0.0003469130191758,0.0007863344499556,8.265849070802697e-05,0.0047055658156911,0.0007301765597523,0.0010720042860803
8610,30,143,0.4078,0.1089,0.3888,0.2126,0.407799747638239,0.1089061491303379,0.3888009148945938,0.2125985978923592,13.057264952551748,13.060839475466269,0.0001805371040311,-0.0004239818611323,3.1722291297579025e-17,2.59283702007164e-13,5.159197259977554e-16,2.0223879427492758e-15,2.7055893072218294e-13,1.8068214078002237e-40,1.646952288688744e-16,2.405397098301647e-12,1.8510224140472608e-06,1.1294969042041304e-14,2.3632690110881176e-14,5.3563962315250137e-14,5.629990658612824e-15,3.205029678004544e-13,4.657291178312273e-07,0.0038066597608296,7.574447778903052e-06,2.969158008334073e-05,0.0039721964263098,2.6526751565313162e-30,2.4179641669820617e-06,0.0353147084527061,0.0002717568626721,0.0001658264820322,0.0003469620720039,0.0007863964391037,8.265640581372224e-05,0.0047054471272504,0.0007301759618423,0.0010720039210924
8611,31,143,0.4078,0.1089,0.3888,0.2126,0.4077997832869421,0.1089052354428763,0.3888007789279128,0.2125988073842653,13.057264952551748,13.06032817906594,0.0001561787686262,-0.0003643895197665,3.133973834366335e-17,2.592853797146841e-13,5.140508677084069e-16,2.0195547866269737e-15,2.7055700002086505e-13,1.5337778299459679e-40,1.649855355959099e-16,2.405434976920448e-12,1.851075020783364e-06,1.1295182929624858e-14,2.3635522211670054e-14,5.356753790370884e-14,5.629868313016311e-15,3.204960029351183e-13,4.601128714031758e-07,0.0038066859163011,7.54701325821477e-06,2.964999712637506e-05,0.0039721696713846,2.2518085942273368e-30,2.42222725954487e-06,0.0353152787067949,0.0002717646949236,0.0001658296886139,0.0003470037902892,0.000786449248829,8.265464270053298e-05,0.0047053467570999,0.0007301754571257,0.0010720036093542
8612,32,143,0.4078,0.1089,0.3888,0.2126,0.4077998139518027,0.1089044598577785,0.3888006635176764,0.2125989849591396,13.057264952551748,13.059889822103322,0.0001349627180494,-0.0003130594470639,3.102754021185883e-17,2.592868467254676e-13,5.123751197256486e-16,2.0171355391589223e-15,2.705553630185153e-13,1.3019963558768527e-40,1.6523562865118122e-16,2.4054674210592667e-12,1.8511200723318217e-06,1.1295366876038872e-14,2.3637930853101775e-14,5.35705840328448e-14,5.629764845335941e-15,3.20490112747969e-13,4.55529504065285e-07,0.0038067087462628,7.522413397592142e-06,2.96144891122994e-05,0.0039721469860805,1.911520379113737e-30,2.4258998122132745e-06,0.0353157670211164,0.0002717714013927,0.000165832445503,0.000347039270439,0.0007864942373885,8.26531516997241e-05,0.0047052618777079,0.0007301750290204,0.0010720033447041
8613,33,143,0.4078,0.1089,0.3888,0.2126,0.4077998403177358,0.1089038009813533,0.3888005654783051,0.2125991356157549,13.057264952551748,13.059514062231242,0.0001165178236754,-0.0002688727720771,3.077311550959715e-17,2.592881292138935e-13,5.10877389363161e-16,2.015069879000202e-15,2.705539761571407e-13,1.1052414284875195e-40,1.6545101436961846e-16,2.4054952169103346e-12,1.851158656332542e-06,1.1295525081575515e-14,2.3639979402284688e-14,5.3573179219973164e-14,5.629677368718988e-15,3.204851328968385e-13,4.517943065156205e-07,0.0038067286521376,7.500426655528499e-06,2.958417058160677e-05,0.0039721277488084,1.6226559334238486e-30,2.4290626757019663e-06,0.0353161850970764,0.0002717771429829,0.0001658348151121,0.000347069444326,0.0007865325610589,8.265189080104208e-05,0.0047051900975231,0.0007301746677157,0.0010720031175687
8614,34,143,0.4078,0.1089,0.3888,0.2126,0.4077998629778643,0.1089032408840302,0.3888004821402873,0.2125992635315291,13.057264952551748,13.059191974846629,0.0001005090014583,-0.0002308553300764,3.056620382534852e-17,2.5928924773041473e-13,5.095417699972261e-16,2.013306109972141e-15,2.7055279922398937e-13,9.382198157058284e-41,1.6563648613829898e-16,2.4055190112564602e-12,1.8511916857656424e-06,1.1295661044648568e-14,2.3641721535732023e-14,5.3575389829892496e-14,5.629603370097952e-15,3.2048092031832943e-13,4.487566497696959e-07,0.0038067459995248,7.480819630995474e-06,2.9558283064339777e-05,0.0039721114358624,1.3774441329038295e-30,2.431786263801772e-06,0.0353165430230344,0.000271782058293,0.0001658368515859,0.0003470951058163,0.0007865652073624,8.265082449663801e-05,0.004705129395162,0.0007301743594467,0.0010720029257324
8615,35,143,0.4078,0.1089,0.3888,0.2126,0.4077998824461917,0.1089027644220921,0.3888004112490644,0.2125993722266565,13.057264952551748,13.058915917230896,8.66348572256508e-05,-0.0001981611543284,3.0398265668211165e-17,2.59290223102174e-13,5.083535057370387e-16,2.011800140489901e-15,2.705518010945044e-13,7.96438226359332e-41,1.6579617171871623e-16,2.405539384658797e-12,1.8512199627522097e-06,1.1295777902142995e-14,2.364320313972489e-14,5.3577272961238754e-14,5.629540787418693e-15,3.204773576242412e-13,4.46291163768898e-07,0.003806761105558,7.463375712208282e-06,2.953617932580249e-05,0.0039720976021505,1.169288231083678e-30,2.434131184732428e-06,0.0353168494278268,0.0002717862658963,0.000165838601473,0.0003471169296176,0.0007865930169312,8.264992275953792e-05,0.004705078061255,0.0007301740974276,0.0010720027624328
8616,36,143,0.4078,0.1089,0.3888,0.2126,0.4077998991669819,0.1089023588512163,0.3888003509074474,0.2125994646562759,13.057264952551748,13.058679333832924,7.462609099988296e-05,-0.0001700568050957,3.026226178575044e-17,2.592910732786649e-13,5.072985340209974e-16,2.010514336852413e-15,2.705509547863965e-13,6.760824095165031e-41,1.6593362929057475e-16,2.4055568292746427e-12,1.851244170465148e-06,1.1295878330324732e-14,2.3644463183571e-14,5.357887713725069e-14,5.629487864659591e-15,3.204743448481309e-13,4.442945046672132e-07,0.0038067742517916,7.447888478626264e-06,2.951730699252568e-05,0.0039720858703517,9.925883973146726e-31,2.436149688851181e-06,0.0353171117042766,0.0002717898673793,0.0001658401048501,0.0003471354894964,0.0007866167058778,8.264916020046909e-05,0.0047050346504468,0.0007301738750041,0.0010720026229786
8617,37,143,0.4078,0.1089,0.3888,0.2126,0.407799913523793,0.1089020134346299,0.3888002995172235,0.2125995433042217,13.057264952551748,13.058476615685509,6.424307221678754e-05,-0.0001459076159946,3.01523295887839e-17,2.592918143827561e-13,5.063640964432101e-16,2.009416606935484e-15,2.7055023797445945e-13,5.739145251166563e-41,1.6605191704127022e-16,2.4055717711716724e-12,1.8512648971494685e-06,1.1295964652607156e-14,2.364553483472672e-14,5.358024377110402e-14,5.629443129128921e-15,3.2047179815290254e-13,4.426806022024081e-07,0.0038067856813229,7.434170633055859e-06,2.950119495790495e-05,0.0039720759193707,8.425910404145238e-31,2.4378866785814595e-06,0.0353173361669379,0.0002717929495607,0.0001658413961066,0.0003471512729792,0.0007866368835251,8.264851533707014e-05,0.0047049979397939,0.0007301736874847,0.001072002502282
8618,38,143,0.4078,0.1089,0.3888,0.2126,0.4077999258471987,0.1089017191392214,0.3888002557338801,0.2125996102552832,13.057264952551748,13.05830290853733,5.5275102171300265e-05,-0.0001251638834377,3.006376188573574e-17,2.59292458523678e-13,5.055373957863286e-16,2.008479387679969e-15,2.7054962911958263e-13,4.871860303508961e-41,1.6615370597501341e-16,2.405584554030038e-12,1.8512826317826016e-06,1.1296038774639903e-14,2.3646446133700742e-14,5.358140773055954e-14,5.629405278595056e-15,3.204696434053779e-13,4.413803533471249e-07,0.0038067956165434,7.422034382471105e-06,2.9487438903819234e-05,0.0039720674795323,7.152609278883639e-31,2.439381396510517e-06,0.0353175282753933,0.0002717955874142,0.0001658425051636,0.0003471646958077,0.0007866540709987,8.264797001932643e-05,0.0047049668960558,0.0007301735265307,0.0010720024006635
8619,39,143,0.4078,0.1089,0.3888,0.2126,0.4077999364228844,0.1089014682640939,0.388800218411246,0.2125996672843677,13.057264952551748,13.058154068709127,4.753639107622701e-05,-0.0001073507324924,2.9992623329627515e-17,2.5929301856518473e-13,5.048071661334755e-16,2.007679211358041e-15,2.705491124933214e-13,4.135637496322426e-41,1.662412877461898e-16,2.405595494143407e-12,1.851297809277308e-06,1.1296102436362855e-14,2.364722112428389e-14,5.3582399178052565e-14,5.629373264760884e-15,3.2046782092831173e-13,4.403359817512238e-07,0.0038068042477082,7.411314330576029e-06,2.94756943018577e-05,0.0039720603213786,6.071726294483101e-31,2.4406674882285206e-06,0.0353176926862407,0.0002717978448909,0.0001658434576266,0.000347176111106,0.0007866687114143,8.26475088870915e-05,0.0047049406448134,0.0007301733892107,0.0010720023142127
8620,40,143,0.4078,0.1089,0.3888,0.2126,0.4077999454968862,0.1089012543040076,0.3888001865811684,0.2125997158878656,13.057264952551748,13.0580265492217,4.086360871294751e-05,-9.20584416805912e-05,2.993567728298852e-17,2.592935056761709e-13,5.04163107457964e-16,2.0069960748341897e-15,2.705486745404334e-13,3.5106697072704997e-41,1.6631663141930636e-16,2.405604860252678e-12,1.851310800238151e-06,1.1296157123841406e-14,2.3647880224818443e-14,5.3583243749158085e-14,5.629346197402685e-15,3.204662800432262e-13,4.394999693586132e-07,0.0038068117424663,7.401859265948021e-06,2.9465667506167893e-05,0.0039720542497331,5.154181795146307e-31,2.4417738647306664e-06,0.0353178333790627,0.0002717997766632,0.0001658442754732,0.0003471858189796,0.0007866811818977,8.264711895038548e-05,0.0047049184465755,0.0007301732727413,0.001072002239878
8621,41,143,0.4078,0.1089,0.3888,0.2126,0.4077999532808724,0.1089010717646529,0.3888001594259984,0.2125997573272086,13.057264952551748,13.057917301841334,3.5113953735676495e-05,-7.893357118463743e-05,2.9890265130478425e-17,2.592939288729968e-13,5.035958171130074e-16,2.006412858169459e-15,2.7054830304217533e-13,2.980143008862209e-41,1.663814388648204e-16,2.405612876410132e-12,1.8513219176172176e-06,1.1296204087497416e-14,2.364844074711888e-14,5.3583963156499335e-14,5.629323308248221e-15,3.2046497701407723e-13,4.3883328543085154e-07,0.0038068182467737,7.393531171043127e-06,2.9457107276823844e-05,0.0039720490993797,4.375290556723839e-31,2.4427255206013936e-06,0.035317953769282,0.0002718014296466,0.0001658449776532,0.0003471940748291,0.000786691804028,8.26467892247666e-05,0.0047048996760223,0.0007301731735666,0.0010720021762637
8622,42,143,0.4078,0.1089,0.3888,0.2126,0.4077999599570512,0.1089009159809471,0.3888001362515235,0.2125997926718943,13.057264952551748,13.05782370965815,3.016291844132349e-05,-6.767139525777399e-05,2.985422764136556e-17,2.5929429613025624e-13,5.030966340967436e-16,2.0059149417599094e-15,2.7054798760508773e-13,2.529791876240819e-41,1.664371794942378e-16,2.4056197342057066e-12,1.851331429272908e-06,1.1296244402020772e-14,2.364891740952132e-14,5.358457588951424e-14,5.629303946169919e-15,3.2046387477360575e-13,4.383042307815251e-07,0.0038068238902934,7.3862029145585105e-06,2.9449799074454617e-05,0.0039720447308585,3.714108754288192e-31,2.443544036978868e-06,0.0353180567864679,0.0002718028440651,0.0001658455804928,0.0003472010958888,0.0007867008518574,8.264651042396054e-05,0.0047048838045065,0.0007301730885838,0.0010720021223583
8623,43,143,0.4078,0.1089,0.3888,0.2126,0.4077999656822375,0.1089007829850267,0.3888001164673084,0.2125998228304297,13.057264952551748,13.05774353530415,2.5901922781463687e-05,-5.800954228227008e-05,2.982577681963129e-17,2.592946150781171e-13,5.02657896799053e-16,2.005489859813348e-15,2.70547720141646e-13,2.1474966683837122e-41,1.664851163580308e-16,2.4056256041810195e-12,1.8513395692812616e-06,1.1296279020906344e-14,2.3649322792324766e-14,5.358509783871257e-14,5.6292875762366295e-15,3.204629428693592e-13,4.37886554984844e-07,0.0038068287846888,7.3797620124479135e-06,2.944355988048196e-05,0.0039720410250589,3.1528430043807933e-31,2.44424795703176e-06,0.0353181449310926,0.0002718040542589,0.0001658460979751,0.0003472070668228,0.0007867085586074,8.264627468662567e-05,0.0047048703844992,0.0007301730163701,0.001072002075972
8624,44,143,0.4078,0.1089,0.3888,0.2126,0.4077999705911722,0.1089006694143467,0.3888000995730161,0.2125998485715689,13.057264952551748,13.057674850321002,2.2236834782588248e-05,-4.972195488557037e-05,2.9803457801028587e-17,2.5929489158694885e-13,5.022725776735485e-16,2.005126939807601e-15,2.705474929345369e-13,1.8229718288345769e-41,1.6652633887693135e-16,2.405630625000144e-12,1.85134653303632e-06,1.1296308732822182e-14,2.3649667526645912e-14,5.358554239071397e-14,5.629273727474555e-15,3.204621544898371e-13,4.375588999489944e-07,0.0038068330286582,7.374105314511485e-06,2.94382331036108e-05,0.0039720378817356,2.6763926299698527e-31,2.444853283064651e-06,0.0353182203550336,0.000271805089808,0.0001658465422239,0.0003472121448525,0.0007867151233989,8.264607536983618e-05,0.0047048590378334,0.0007301729543138,0.001072002036794
8625,45,143,0.4078,0.1089,0.3888,0.2126,0.4077999747998304,0.1089005723944304,0.3888000851409434,0.2125998705519881,13.057264952551748,13.05761601918222,1.9085529412830124e-05,-4.261445229322057e-05,2.978605872567018e-17,2.5929513167887425e-13,5.019346514934895e-16,2.0048171208193924e-15,2.7054730046740455e-13,1.5474885127164271e-41,1.665617798501297e-16,2.405634923862425e-12,1.8513524933809568e-06,1.1296334250307972e-14,2.364996072415994e-14,5.35859211100868e-14,5.629262023501033e-15,3.2046148820840333e-13,4.3730347326865654e-07,0.0038068367060292,7.369144352852172e-06,2.9433685680852413e-05,0.0039720352151153,2.271942413351461e-31,2.445373706978488e-06,0.0353182848832158,0.0002718059757608,0.0001658469235006,0.0003472164633325,0.0007867207150688,8.264590684818634e-05,0.0047048494442671,0.000730172901881,0.0010720020027491
8626,46,143,0.4078,0.1089,0.3888,0.2126,0.4077999784075782,0.1089004895056163,0.388800072811083,0.2125998893233728,13.057264952551748,13.057565627173071,1.637709153283038e-05,-3.651990238680488e-05,2.977261913005086e-17,2.5929533970763605e-13,5.01638483371101e-16,2.004552619738153e-15,2.705471370274967e-13,1.3136358688505398e-41,1.6659225002922624e-16,2.4056386010307743e-12,1.8513575921804236e-06,1.1296356147740008e-14,2.365021006002669e-14,5.3586243674311855e-14,5.6292521241732905e-15,3.2046092466147856e-13,4.371061752163266e-07,0.0038068398919134,7.364796420827565e-06,2.942980343134209e-05,0.0039720329530045,1.9286121511582895e-31,2.4458211389759143e-06,0.0353183400914825,0.0002718067337444,0.0001658472507256,0.000347220135966,0.0007867254780096,8.264576437086763e-05,0.0047048413333471,0.0007301728569197,0.0010720019738298
8627,47,143,0.4078,0.1089,0.3888,0.2126,0.4077999814998936,0.1089004186742703,0.3888000622749157,0.2125999053583125,13.057264952551748,13.057522465922164,1.405010822149993e-05,-3.129466210088402e-05,2.976233711889205e-17,2.592955199693655e-13,5.013791846678436e-16,2.0043268098477425e-15,2.70546998358788e-13,1.1151225720010571e-41,1.6661844324950335e-16,2.405641747388563e-12,1.85136195469664e-06,1.1296374942683423e-14,2.365042210572401e-14,5.3586518433549103e-14,5.629243753995518e-15,3.20460448165694e-13,4.3695523290812025e-07,0.0038068426504156,7.360989748105397e-06,2.9426489073167706e-05,0.0039720310339948,1.6371652576320359e-31,2.4462057662353857e-06,0.0353183873237035,0.0002718073822227,0.0001658475315422,0.000347223259326,0.0007867295350271,8.264564391558983e-05,0.0047048344760935,0.0007301728185644,0.0010720019490555
8628,48,143,0.4078,0.1089,0.3888,0.2126,0.4077999841501483,0.1089003581363288,0.3888000532699889,0.2125999190584356,13.057264952551748,13.057485501741152,1.2051425760802194e-05,-2.681535948396298e-05,2.975456453616077e-17,2.5929567616347506e-13,5.011523765201077e-16,2.0041340448879133e-15,2.705468807499521e-13,9.466081912559344e-42,1.666409547602364e-16,2.405644439699828e-12,1.8513656872408895e-06,1.1296391074018302e-14,2.3650602440058872e-14,5.3586752475763356e-14,5.629236677701137e-15,3.204600453278409e-13,4.3684113072297794e-07,0.0038068450381511,7.357660051031589e-06,2.9423659728754197e-05,0.0039720294060009,1.3897611982098643e-31,2.446536329367201e-06,0.035318427728249,0.0002718079369681,0.0001658477724943,0.0003472259155276,0.0007867329906588,8.264554207828171e-05,0.0047048286787198,0.000730172785915,0.0010720019277534
8629,49,143,0.4078,0.1089,0.3888,0.2126,0.4077999864212772,0.1089003063925927,0.3888000455732638,0.2125999307647059,13.057264952551748,13.057453841980456,1.0335319211546546e-05,-2.297588511200073e-05,2.974878686062906e-17,2.5929581131955346e-13,5.009540958651588e-16,2.0039694704415205e-15,2.705467808707338e-13,8.035590640593478e-42,1.666603038806202e-16,2.4056467425241215e-12,1.851368880180164e-06,1.1296404915148302e-14,2.3650755798759032e-14,5.3586951819759913e-14,5.629230693121544e-15,3.204597046389059e-13,4.367563152543066e-07,0.0038068471041648,7.354749154870021e-06,2.9421244163421877e-05,0.0039720280248939,1.1797438919171747e-31,2.4468204556736557e-06,0.0353184622953107,0.0002718084115739,0.0001658479792629,0.0003472281745147,0.0007867359342132,8.264545598993974e-05,0.0047048237779001,0.0007301727579086,0.0010720019096487
8630,50,143,0.4078,0.1089,0.3888,0.2126,0.4077999883674074,0.1089002621539719,0.38880003899296,0.2125999407702941,13.057264952551748,13.05742672209466,8.86236779937337e-06,-1.9685053794077105e-05,2.974460033816423e-17,2.5929592829400525e-13,5.007807442780499e-16,2.0038289537366024e-15,2.705466960156546e-13,6.821273575313118e-42,1.6667693642197115e-16,2.4056487121412965e-12,1.851371611582895e-06,1.1296416791120663e-14,2.365088622009221e-14,5.3587121614782486e-14,5.6292256316580974e-15,3.204594165009401e-13,4.366948590481449e-07,0.0038068488925979,7.352204233718912e-06,2.941918171903748e-05,0.003972026853254,1.001464154379034e-31,2.4470646917376447e-06,0.0353184918716151,0.0002718088176591,0.0001658481567162,0.0003472300957762,0.0007867384417445,8.264538322315394e-05,0.0047048196354473,0.0007301727338271,0.0010720018943079
8631,51,143,0.4078,0.1089,0.3888,0.2126,0.4077999900350277,0.1089002243176482,0.3888000333650114,0.2125999493258942,13.057264952551748,13.057403497270665,7.598290048654255e-06,-1.6864792264389066e-05,2.974163869537686e-17,2.5929602956347546e-13,5.006294501875506e-16,2.0037089912764666e-15,2.705466240931729e-13,5.790460685922418e-42,1.6669122939373614e-16,2.405650397900148e-12,1.851373948807326e-06,1.1296426984574542e-14,2.36509971442414e-14,5.3587266261857936e-14,5.629221354053581e-15,3.204591729863366e-13,4.3665138455050643e-07,0.0038068504387735,7.349983126690754e-06,2.941742095109132e-05,0.0039720258592917,8.501255433804741e-32,2.447274571945998e-06,0.03531851717205,0.0002718091650387,0.0001658483089586,0.0003472317297243,0.0007867405776519,8.264532171089996e-05,0.0047048161336902,0.0007301727133923,0.0010720018810306
8632,52,143,0.4078,0.1089,0.3888,0.2126,0.4077999914638353,0.1089001919600545,0.3888000285520291,0.2125999566409745,13.057264952551748,13.057383606163306,6.513722950291172e-06,-1.4447989532553832e-05,2.973965156315984e-17,2.592961172725779e-13,5.004973277730055e-16,2.0036065802742957e-15,2.705465630408011e-13,4.9154215614871734e-42,1.6670351135896788e-16,2.405651840004185e-12,1.8513759482551437e-06,1.1296435730551891e-14,2.3651091481600865e-14,5.3587389474176154e-14,5.629217737458104e-15,3.2045896710152177e-13,4.366222163360882e-07,0.0038068517773469,7.348043471808605e-06,2.9415917798735085e-05,0.0039720250160333,7.21656826356809e-32,2.447454922125767e-06,0.0353185388162636,0.0002718094622197,0.0001658484395789,0.0003472331193771,0.0007867423971054,8.264526971835952e-05,0.0047048131738693,0.0007301726959063,0.0010720018696845
8633,53,143,0.4078,0.1089,0.3888,0.2126,0.4077999926879745,0.1089001642832001,0.3888000244353028,0.2125999628966193,13.057264952551748,13.05736656981686,5.583380109371774e-06,-1.2377052231898802e-05,2.9738403951479076e-17,2.592961930963711e-13,5.003820939444811e-16,2.003519139577762e-15,2.7054651119218974e-13,4.172610033036007e-42,1.6671406595698544e-16,2.405653073516344e-12,1.8513776586776467e-06,1.1296443234031226e-14,2.3651171711863713e-14,5.3587494427190526e-14,5.629214679374697e-15,3.204587930115693e-13,4.366039045823259e-07,0.0038068529344722,7.346351752962005e-06,2.9414634378909422e-05,0.0039720243006437,6.126010782876257e-32,2.447609907524813e-06,0.0353185573335205,0.0002718097164709,0.0001658485516545,0.0003472343012824,0.000786743947048,8.264522577462998e-05,0.0047048106722496,0.0007301726809045,0.0010720018600272
8634,54,143,0.4078,0.1089,0.3888,0.2126,0.40779999373673,0.1089001406056876,0.3888000209134688,0.2125999682473742,13.057264952551748,13.057351980349772,4.785428720330186e-06,-1.0602624769599716e-05,2.973772399804957e-17,2.592962587309947e-13,5.002816216958202e-16,2.003444491365997e-15,2.705464672174374e-13,3.542055284531436e-42,1.667231340242717e-16,2.405654129001124e-12,1.8513791220646068e-06,1.1296449672600404e-14,2.365123994820476e-14,5.3587583834417466e-14,5.629212094777182e-15,3.2045864587612534e-13,4.365939261104657e-07,0.0038068539351748,7.344876742800306e-06,2.941353871894281e-05,0.0039720236937273,5.200262882510204e-32,2.4477430640580398e-06,0.0353185731737015,0.000271809933966,0.0001658486477981,0.0003472353064762,0.0007867452673438,8.26451886340892e-05,0.0047048085579204,0.000730172668126,0.0010720018517106
8635,55,143,0.4078,0.1089,0.3888,0.2126,0.4077999946351645,0.1089001203499578,0.3888000179006128,0.2125999728240833,13.057264952551748,13.05733948375072,4.10120053532235e-06,-9.082290293812016e-06,2.973748064048208e-17,2.592963154358109e-13,5.001940042613975e-16,2.003380750197392e-15,2.7054642979558e-13,3.006784998814379e-42,1.667309277711697e-16,2.4056550312059767e-12,1.8513803734175375e-06,1.1296455192811518e-14,2.3651297978414805e-14,5.3587659982502586e-14,5.62920990787821e-15,3.204585213807837e-13,4.365903570643228e-07,0.003806854800856,7.343590452804976e-06,2.9412603160261895e-05,0.0039720231789284,4.4144066947654447e-32,2.4478575091592136e-06,0.0353185867271497,0.0002718101200516,0.000165848730288,0.0003472361614713,0.0007867463921658,8.264515724727952e-05,0.0047048067711385,0.0007301726570304,0.0010720018447613
8636,56,143,0.4078,0.1089,0.3888,0.2126,0.4077999954048366,0.1089001030159312,0.3888000153223446,0.2125999767401263,13.057264952551748,13.057328783361005,3.5144885407413045e-06,-7.779786468856383e-06,2.973755425090945e-17,2.592963646709576e-13,5.001176613718978e-16,2.0033263453103955e-15,2.705463981810605e-13,2.5524038107092117e-42,1.6673762115706891e-16,2.405655804231804e-12,1.851381444803024e-06,1.1296459934095392e-14,2.36513473437104e-14,5.3587724875044396e-14,5.629208062361205e-15,3.204584163195655e-13,4.365914407790691e-07,0.003806855549898,7.342469676393709e-06,2.9411804618161697e-05,0.0039720227421138,3.747307689681446e-32,2.447955794845267e-06,0.0353185983193615,0.0002718102792173,0.0001658488010384,0.0003472368886167,0.0007867473502987,8.264513072107363e-05,0.00470480526106,0.0007301726477848,0.0010720018385643
8637,57,143,0.4078,0.1089,0.3888,0.2126,0.407799996064127,0.1089000881857547,0.3888000131165102,0.2125999800900114,13.057264952551748,13.057319617832258,3.01152725657343e-06,-6.663906183251399e-06,2.973786227941483e-17,2.592964071377914e-13,5.000511447174422e-16,2.003279887197655e-15,2.7054637121944893e-13,2.1666873712645178e-42,1.6674337370429903e-16,2.4056564645089536e-12,1.8513823605895785e-06,1.1296463996741735e-14,2.365138932112685e-14,5.358778013454596e-14,5.629206499832018e-15,3.204583273682203e-13,4.365959658775298e-07,0.003806856197638,7.341493159957293e-06,2.941112273155968e-05,0.0039720223715939,3.1810187185737824e-32,2.4480402663812066e-06,0.0353186082383214,0.0002718104154008,0.0001658488617412,0.0003472375071207,0.0007867481666047,8.264510830758307e-05,0.0047048039851094,0.0007301726396639,0.0010720018334743
8638,58,143,0.4078,0.1089,0.3888,0.2126,0.4077999966288906,0.1089000754927108,0.3888000112285583,0.2125999829568536,13.057264952551748,13.05731176916554,2.5803698545621715e-06,-5.707974369205634e-06,2.9738326215537604e-17,2.592964439173655e-13,4.99993263316475e-16,2.0032402249062038e-15,2.705463484073472e-13,1.8392606750656208e-42,1.6674831489530774e-16,2.405657029974585e-12,1.8513831444783447e-06,1.1296467484656731e-14,2.365142502940161e-14,5.35878272223637e-14,5.629205180660026e-15,3.204582522706647e-13,4.366027794084152e-07,0.0038068567573211,7.340643413058011e-06,2.941054058246956e-05,0.0039720220572376,2.700307734100666e-32,2.4481128230721743e-06,0.0353186167230061,0.0002718105318942,0.0001658489138074,0.0003472380331684,0.000786748861996,8.264508936795209e-05,0.0047048029069179,0.0007301726328347,0.0010720018289968
8639,59,143,0.4078,0.1089,0.3888,0.2126,0.4077999971126435,0.1089000646303867,0.3888000096129119,0.2125999854099325,13.057264952551748,13.057305046975172,2.210825590229212e-06,-4.889078113358166e-06,2.973889418172027e-17,2.5929647567824857e-13,4.999429092971954e-16,2.003206357207379e-15,2.7054632902429845e-13,1.5613062322353803e-42,1.6675256010613244e-16,2.4056575135961466e-12,1.8513838150242084e-06,1.1296470476353e-14,2.3651455399793342e-14,5.3587867335016284e-14,5.6292040653935786e-15,3.204581887810021e-13,4.366111199581233e-07,0.003806857240733,7.339904174296511e-06,2.941004348659183e-05,0.0039720217905232,2.292229356236393e-32,2.4481751600762192e-06,0.0353186239820747,0.0002718106315623,0.0001658489584755,0.000347238480612,0.0007867494544464,8.264507336574204e-05,0.0047048019959473,0.0007301726269608,0.0010720018251926
